{"cameraMode":{"drawMode":0,"name":"Shaded","section":"Shading Mode"},"sceneLighting":true,"audioPlay":false,"sceneViewState":{"m_AlwaysRefresh":false,"showFog":true,"showSkybox":true,"showFlares":true,"showImageEffects":true,"showParticleSystems":true,"showVisualEffectGraphs":true,"m_FxEnabled":true},"in2DMode":false,"pivot":{"x":-1.8652572631835938,"y":0.24429398775100709,"z":3.211495876312256},"rotation":{"x":0.3010438084602356,"y":-0.03544984385371208,"z":0.01120053231716156,"w":0.9529043436050415},"size":3.2050745487213136,"orthographic":false}